{
    "models": {
        "AlexNet": {
            "gender": {
                "accuracy": 0.983477576711251,
                "precision": [
                    0.9867298578199052,
                    0.9675925925925926
                ],
                "recall": [
                    0.9933206106870229,
                    0.9372197309417041
                ],
                "f1_score": [
                    0.9900142653352354,
                    0.9521640091116174
                ],
                "mcc": 0.942356375810558,
                "Hombre": {
                    "precision": 0.9867298578199052,
                    "recall": 0.9933206106870229,
                    "f1_score": 0.9900142653352354
                },
                "Mujer": {
                    "precision": 0.9675925925925926,
                    "recall": 0.9372197309417041,
                    "f1_score": 0.9521640091116174
                }
            },
            "usage": {
                "accuracy": 0.926829268292683,
                "precision": [
                    0.9420160570918823,
                    0.8133333333333334
                ],
                "recall": [
                    0.974169741697417,
                    0.6524064171122995
                ],
                "f1_score": [
                    0.9578231292517007,
                    0.7240356083086054
                ],
                "mcc": 0.6879563355416479,
                "Casual": {
                    "precision": 0.9420160570918823,
                    "recall": 0.974169741697417,
                    "f1_score": 0.9578231292517007
                },
                "Deportivo": {
                    "precision": 0.8133333333333334,
                    "recall": 0.6524064171122995,
                    "f1_score": 0.7240356083086054
                }
            }
        },
        "MobileNet": {
            "gender": {
                "accuracy": 0.993705743509048,
                "precision": [
                    0.997131931166348,
                    0.9777777777777777
                ],
                "recall": [
                    0.9952290076335878,
                    0.9865470852017937
                ],
                "f1_score": [
                    0.9961795606494747,
                    0.9821428571428571
                ],
                "mcc": 0.9783368770083456,
                "Hombre": {
                    "precision": 0.997131931166348,
                    "recall": 0.9952290076335878,
                    "f1_score": 0.9961795606494747
                },
                "Mujer": {
                    "precision": 0.9777777777777777,
                    "recall": 0.9865470852017937,
                    "f1_score": 0.9821428571428571
                }
            },
            "usage": {
                "accuracy": 0.926829268292683,
                "precision": [
                    0.945994599459946,
                    0.79375
                ],
                "recall": [
                    0.9695571955719557,
                    0.679144385026738
                ],
                "f1_score": [
                    0.957630979498861,
                    0.7319884726224783
                ],
                "mcc": 0.6927290169388132,
                "Casual": {
                    "precision": 0.945994599459946,
                    "recall": 0.9695571955719557,
                    "f1_score": 0.957630979498861
                },
                "Deportivo": {
                    "precision": 0.79375,
                    "recall": 0.679144385026738,
                    "f1_score": 0.7319884726224783
                }
            }
        },
        "ResNet-50": {
            "gender": {
                "accuracy": 0.955153422501967,
                "precision": [
                    0.9566820276497696,
                    0.946236559139785
                ],
                "recall": [
                    0.9904580152671756,
                    0.7892376681614349
                ],
                "f1_score": [
                    0.9732770745428974,
                    0.8606356968215159
                ],
                "mcc": 0.8390481062533166,
                "Hombre": {
                    "precision": 0.9566820276497696,
                    "recall": 0.9904580152671756,
                    "f1_score": 0.9732770745428974
                },
                "Mujer": {
                    "precision": 0.946236559139785,
                    "recall": 0.7892376681614349,
                    "f1_score": 0.8606356968215159
                }
            },
            "usage": {
                "accuracy": 0.8835562549173879,
                "precision": [
                    0.9090909090909091,
                    0.6535433070866141
                ],
                "recall": [
                    0.959409594095941,
                    0.44385026737967914
                ],
                "f1_score": [
                    0.933572710951526,
                    0.5286624203821656
                ],
                "mcc": 0.4763274042895203,
                "Casual": {
                    "precision": 0.9090909090909091,
                    "recall": 0.959409594095941,
                    "f1_score": 0.933572710951526
                },
                "Deportivo": {
                    "precision": 0.6535433070866141,
                    "recall": 0.44385026737967914,
                    "f1_score": 0.5286624203821656
                }
            }
        }
    },
    "mcnemar": {
        "AlexNet_vs_MobileNet": {
            "gender": {
                "chi2": 6.260869565217392,
                "pvalue": 0.012343360353455044
            },
            "usage": {
                "chi2": 0.016666666666666666,
                "pvalue": 0.897278961260083
            }
        },
        "AlexNet_vs_ResNet-50": {
            "gender": {
                "chi2": 22.685185185185187,
                "pvalue": 1.9083352345314023e-06
            },
            "usage": {
                "chi2": 39.945205479452056,
                "pvalue": 2.6118789256962227e-10
            }
        },
        "MobileNet_vs_ResNet-50": {
            "gender": {
                "chi2": 39.05084745762712,
                "pvalue": 4.129098529587381e-10
            },
            "usage": {
                "chi2": 35.13253012048193,
                "pvalue": 3.080122389966265e-09
            }
        }
    }
}